{
	"name": "Node.js",
	"image": "mcr.microsoft.com/devcontainers/javascript-node:1-20-bullseye",

	"customizations": {
		"vscode": {
			"extensions": [
				"tal7aouy.icons",
				"amodio.amethyst-theme",
				"eamodio.gitlens",
				"GitHub.copilot",
				"GitHub.vscode-github-actions",
				"GitHub.vscode-pull-request-github",
				"SonarSource.sonarlint-vscode",
				"streetsidesoftware.code-spell-checker-portuguese-brazilian"
			],
			"settings": {
				"workbench.colorTheme": "GitHub Light Default",
				"workbench.iconTheme": "eq-material-theme-icons-light",
				"editor.rulers": [80,120],
				"workbench.colorCustomizations": {
					"editorRuler.foreground": "#F3F7FF"
				},
				"cSpell.enabled": true,
				"cSpell.language": "pt_BR, en, pt"
			}
		}
	}

}
